case_id,image_id,document_type,category,expected_risk,tamper_type,doc_path,selfie_path,description
CASE-01,case01_genuine_arjun.jpg,PASSPORT,GENUINE,LOW,NONE,data/genuine/case01_genuine_arjun.jpg,data/selfies/case01_selfie_arjun.jpg,"Standard authentic synthetic Indian passport. Valid MRZ, clean forensics, matching face."
CASE-02,case02_expired_ravi.jpg,PASSPORT,EXPIRED,HIGH,DOCUMENT_EXPIRED,data/tampered/case02_expired_ravi.jpg,data/selfies/case02_selfie_ravi.jpg,Passport expired in 2022. Expiry validation rule triggers high operational flag.
CASE-03,case03_tampered_dob.jpg,PASSPORT,TAMPERED,HIGH,DOB_MODIFIED,data/tampered/case03_tampered_dob.jpg,data/selfies/case01_selfie_arjun.jpg,Visual Date of Birth altered to 2002 while MRZ states 1990. Triggers VIZ/MRZ mismatch.
CASE-04,case04_photo_replaced.jpg,PASSPORT,TAMPERED,CRITICAL,PHOTO_REPLACEMENT,data/tampered/case04_photo_replaced.jpg,data/selfies/case01_selfie_arjun.jpg,Photo window replaced with spliced foreign avatar. Triggers ELA anomaly + Biometric mismatch.
CASE-05,case05_copymove_stamp.jpg,PASSPORT,TAMPERED,HIGH,COPY_MOVE_STAMP,data/tampered/case05_copymove_stamp.jpg,data/selfies/case01_selfie_arjun.jpg,Cloned visa inspection stamp duplicated into another zone. Triggers CMFD keypoint alert.
CASE-06,case06_multi_identity.jpg,PASSPORT,MULTI_IDENTITY,CRITICAL,IDENTITY_REUSE,data/genuine/case06_multi_identity.jpg,data/selfies/case01_selfie_arjun.jpg,Same physical face presented under disparate synthetic identity. Triggers FAISS vector match.
CASE-07,case07_blurry_fail.jpg,PASSPORT,DEGRADED,MEDIUM,BLUR_DEGRADATION,data/tampered/case07_blurry_fail.jpg,data/selfies/case01_selfie_arjun.jpg,Heavy optical blur. Quality gate detects insufficient Laplacian sharpness and requests re-scan.
CASE-08,case01_genuine_arjun.jpg,PASSPORT,APPEARANCE_CHANGE,LOW,NONE,data/genuine/case01_genuine_arjun.jpg,data/selfies/case08_selfie_bearded_arjun.jpg,"Same person with full beard in live capture. Biometrics pass, appearance difference noted as MODERATE."
CASE-09,case01_genuine_arjun.jpg,PASSPORT,IMPERSONATION,HIGH,NONE,data/genuine/case01_genuine_arjun.jpg,data/selfies/case09_selfie_imposter.jpg,Completely different individual attempting transit on Arjun's passport. Face similarity < 0.50.
